{
  "errRecall": [
    0.0, 
    0.0, 
    0.0, 
    0.0, 
    0.0
  ], 
  "errFalseRate": [
    0.0, 
    0.24731731536859355, 
    0.0, 
    0.0, 
    0.0
  ], 
  "Recall": [
    1.0, 
    1.0, 
    1.0, 
    1.0, 
    1.0
  ], 
  "FalseRate": [
    1.0, 
    0.16666666666666666, 
    0.0, 
    0.0, 
    0.0
  ], 
  "Precision": [
    0.5, 
    0.9166666666666666, 
    1.0, 
    1.0, 
    1.0
  ], 
  "Delay": [
    5.666666666666667, 
    7.333333333333333, 
    9.0, 
    10.25, 
    10.666666666666666
  ], 
  "errDelay": [
    1.4921250293166022, 
    1.7205892469984265, 
    1.4077548384532577, 
    0.8620702592861615, 
    1.0608730944145783
  ], 
  "errPrecision": [
    0.0, 
    0.12365865768429674, 
    0.0, 
    0.0, 
    0.0
  ]
}