{
  "errRecall": [
    0.0, 
    0.0, 
    0.11547587103268309, 
    0.09121363135332505, 
    0.09518792949699317
  ], 
  "errFalseRate": [
    0.0, 
    0.0, 
    0.0, 
    0.0, 
    0.0
  ], 
  "Recall": [
    1.0, 
    1.0, 
    0.8030303030303029, 
    0.6969696969696969, 
    0.5757575757575758
  ], 
  "FalseRate": [
    0.0, 
    0.0, 
    0.0, 
    0.0, 
    0.0
  ], 
  "Precision": [
    1.0, 
    1.0, 
    1.0, 
    1.0, 
    1.0
  ], 
  "Delay": [
    9.909090909090908, 
    15.272727272727273, 
    20.727272727272727, 
    26.09090909090909, 
    31.545454545454547
  ], 
  "errDelay": [
    1.2187197568008035, 
    1.3466684980138695, 
    1.3797759049833687, 
    1.3251695585493302, 
    1.322069742471129
  ], 
  "errPrecision": [
    0.0, 
    0.0, 
    0.0, 
    0.0, 
    0.0
  ]
}