{
  "errRecall": [
    0.0, 
    0.0, 
    0.0, 
    0.0, 
    0.0
  ], 
  "errFalseRate": [
    0.0, 
    0.0, 
    0.0, 
    0.0, 
    0.0
  ], 
  "Recall": [
    1.0, 
    1.0, 
    1.0, 
    1.0, 
    1.0
  ], 
  "FalseRate": [
    0.0, 
    0.0, 
    0.0, 
    0.0, 
    0.0
  ], 
  "Precision": [
    1.0, 
    1.0, 
    1.0, 
    1.0, 
    1.0
  ], 
  "Delay": [
    6.083333333333333, 
    6.916666666666667, 
    7.333333333333333, 
    8.166666666666666, 
    8.583333333333334
  ], 
  "errDelay": [
    1.1639689329002696, 
    1.1639689329002705, 
    1.0608730944145774, 
    1.1440932155625028, 
    1.1639689329002696
  ], 
  "errPrecision": [
    0.0, 
    0.0, 
    0.0, 
    0.0, 
    0.0
  ]
}