{
  "errRecall": [
    0.0, 
    0.0, 
    0.08234870971594277, 
    0.12877448229781174, 
    0.16862951499455192
  ], 
  "errFalseRate": [
    0.21839668755768427, 
    0.1839825104762734, 
    0.0, 
    0.0, 
    0.0
  ], 
  "Recall": [
    1.0, 
    1.0, 
    0.9015151515151516, 
    0.8409090909090909, 
    0.7878787878787878
  ], 
  "FalseRate": [
    0.3560606060606061, 
    0.16666666666666663, 
    0.0, 
    0.0, 
    0.0
  ], 
  "Precision": [
    0.7753472018177899, 
    0.888639621248317, 
    1.0, 
    1.0, 
    1.0
  ], 
  "Delay": [
    9.909090909090908, 
    17.636363636363637, 
    24.636363636363637, 
    30.09090909090909, 
    35.54545454545455
  ], 
  "errDelay": [
    1.2187197568008035, 
    4.144280843101111, 
    7.002769935546407, 
    7.074469536920493, 
    7.016232873415781
  ], 
  "errPrecision": [
    0.11971775257552186, 
    0.10123240225842389, 
    0.0, 
    0.0, 
    0.0
  ]
}