{
  "errRecall": [
    0.0, 
    0.0, 
    0.2469307678858078, 
    0.2611742722906757, 
    0.2844641163953001
  ], 
  "errFalseRate": [
    0.21839668755768427, 
    0.1807010304283819, 
    0.0, 
    0.0, 
    0.0
  ], 
  "Recall": [
    1.0, 
    1.0, 
    0.7196969696969696, 
    0.6818181818181818, 
    0.5606060606060606
  ], 
  "FalseRate": [
    0.3560606060606061, 
    0.18939393939393936, 
    0.0, 
    0.0, 
    0.0
  ], 
  "Precision": [
    0.7753472018177899, 
    0.8704578030664988, 
    1.0, 
    1.0, 
    1.0
  ], 
  "Delay": [
    24.727272727272727, 
    31.181818181818183, 
    32.22222222222222, 
    37.888888888888886, 
    45.142857142857146
  ], 
  "errDelay": [
    11.417162272276371, 
    11.35662775299959, 
    9.166006088551747, 
    9.299330350243295, 
    16.357212190855044
  ], 
  "errPrecision": [
    0.11971775257552186, 
    0.09939210282684163, 
    0.0, 
    0.0, 
    0.0
  ]
}