{
  "errRecall": [
    0.0, 
    0.0, 
    0.0, 
    0.0, 
    0.0
  ], 
  "errFalseRate": [
    0.0, 
    0.2873567530953871, 
    0.0, 
    0.0, 
    0.0
  ], 
  "Recall": [
    1.0, 
    1.0, 
    1.0, 
    1.0, 
    1.0
  ], 
  "FalseRate": [
    1.0, 
    0.25, 
    0.0, 
    0.0, 
    0.0
  ], 
  "Precision": [
    0.5, 
    0.875, 
    1.0, 
    1.0, 
    1.0
  ], 
  "Delay": [
    11.083333333333334, 
    12.333333333333334, 
    15.25, 
    17.333333333333332, 
    17.333333333333332
  ], 
  "errDelay": [
    2.7556742974872925, 
    2.7137370689747833, 
    1.6056589819695724, 
    1.0608730944145783, 
    1.0608730944145783
  ], 
  "errPrecision": [
    0.0, 
    0.14367837654769344, 
    0.0, 
    0.0, 
    0.0
  ]
}